DELETE FROM user_roles;
DELETE FROM dishes;
DELETE FROM votes;
DELETE FROM restaurants;
DELETE FROM users;

ALTER SEQUENCE global_seq RESTART WITH 100000;

INSERT INTO users (name, email, password)
VALUES ('User1', 'user1@yandex.ru', 'password1'),
       ('User2', 'user2@yandex.ru', 'password2'),
       ('Admin', 'admin@gmail.com', 'admin');

INSERT INTO user_roles (role, user_id)
VALUES ('USER', 100000),
       ('USER', 100001),
       ('ADMIN', 100002),
       ('USER', 100002);

INSERT INTO restaurants (name)
VALUES ('Restaurant 1'),
       ('Restaurant 2'),
       ('Restaurant 3'),
       ('Restaurant 4'),
       ('Restaurant 5');

INSERT INTO dishes (date, name, price, restaurant_id)
VALUES ('2020-08-01', 'Салат 1', 50, 100003),
       ('2020-08-01', 'Гарнир 1', 50, 100003),
       ('2020-08-01', 'Блюдо 1', 150, 100003),
       ('2020-08-01', 'Супчик 2', 100, 100004),
       ('2020-08-01', 'Гарнир 2', 50, 100004),
       ('2020-08-01', 'Блюдо 2', 150, 100004),
       ('2020-08-01', 'Салат 3', 50, 100005),
       ('2020-08-01', 'Блюдо 3', 150, 100005),
       ('2020-08-01', 'Напиток 3', 100, 100005),
       ('2020-08-01', 'Салат 4', 50, 100006),
       ('2020-08-01', 'Супчик 4', 100, 100006),
       ('2020-08-01', 'Напиток 4', 100, 100006),
       ('2020-08-01', 'Салат 5', 50, 100007),
       ('2020-08-01', 'Гарнир 5', 50, 100007),
       ('2020-08-01', 'Блюдо 5', 150, 100007),
       ('2020-08-02', 'Супчик 1', 100, 100003),
       ('2020-08-02', 'Блюдо 1', 150, 100003),
       ('2020-08-02', 'Напиток 1', 100, 100003),
       ('2020-08-02', 'Салат 2', 50, 100004),
       ('2020-08-02', 'Гарнир 2', 50, 100004),
       ('2020-08-02', 'Блюдо 2', 150, 100004),
       ('2020-08-02', 'Гарнир 3', 50, 100005),
       ('2020-08-02', 'Блюдо 3', 150, 100005),
       ('2020-08-02', 'Напиток 3', 100, 100005),
       ('2020-08-02', 'Супчик 4', 100, 100006),
       ('2020-08-02', 'Гарнир 4', 50, 100006),
       ('2020-08-02', 'Блюдо 4', 150, 100006),
       ('2020-08-02', 'Салат 5', 50, 100007),
       ('2020-08-02', 'Гарнир 5', 50, 100007),
       ('2020-08-02', 'Блюдо 5', 150, 100007),
       ('2020-08-03', 'Салат 1', 50, 100003),
       ('2020-08-03', 'Гарнир 1', 50, 100003),
       ('2020-08-03', 'Блюдо 1', 150, 100003),
       ('2020-08-03', 'Салат 2', 50, 100004),
       ('2020-08-03', 'Супчик 2', 100, 100004),
       ('2020-08-03', 'Напиток 2', 100, 100004),
       ('2020-08-03', 'Салат 3', 50, 100005),
       ('2020-08-03', 'Блюдо 3', 150, 100005),
       ('2020-08-03', 'Напиток 3', 100, 100005),
       ('2020-08-03', 'Супчик 4', 100, 100006),
       ('2020-08-03', 'Гарнир 4', 50, 100006),
       ('2020-08-03', 'Напиток 4', 100, 100006),
       ('2020-08-03', 'Салат 5', 50, 100007),
       ('2020-08-03', 'Гарнир 5', 50, 100007),
       ('2020-08-03', 'Напиток 5', 100, 100007);

INSERT INTO votes (date, restaurant_id, user_id)
VALUES ('2020-08-01', 100005, 100000),
       ('2020-08-02', 100003, 100001),
       ('2020-08-03', 100004, 100002),
       ('2020-08-04', 100004, 100002),
       ('2020-08-05', 100006, 100001),
       ('2020-08-06', 100003, 100000),
       ('2020-08-07', 100007, 100001),
       ('2020-08-08', 100007, 100000),
       ('2020-08-09', 100005, 100002);